ID,FirstName,LastName,Email,Phone,Address
1001,John,Doe,john.doe@example.co.uk,+44 7700 900001,"12 High Street, London"
1002,Jane,Smith,jane.smith@example.co.uk,+44 7700 900002,"34 Market Road, Manchester"
1003,Bob,Johnson,bob.johnson@example.co.uk,+44 7700 900003,"56 Oak Lane, Birmingham"
1004,Alice,Williams,alice.williams@example.co.uk,+44 7700 900004,"78 Church Street, Leeds"
1005,Tom,Brown,tom.brown@example.co.uk,+44 7700 900005,"90 King's Road, Bristol"
1006,Susan,Jones,susan.jones@example.co.uk,+44 7700 900006,"102 Queen's Avenue, Glasgow"
1007,James,Miller,james.miller@example.co.uk,+44 7700 900007,"23 Park Terrace, Edinburgh"
1008,Linda,Davis,linda.davis@example.co.uk,+44 7700 900008,"45 Victoria Road, Cardiff"
1009,Michael,Garcia,michael.garcia@example.co.uk,+44 7700 900009,"67 Station Way, Liverpool"
1010,Karen,Martinez,karen.martinez@example.co.uk,+44 7700 900010,"89 Mill Lane, Sheffield"
1011,David,Rodriguez,david.rodriguez@example.co.uk,+44 7700 900011,"11 Brook Street, Nottingham"
1012,Nancy,Wilson,nancy.wilson@example.co.uk,+44 7700 900012,"33 Manor Drive, Southampton"
